{
  "basketball_nba": {
    "seasonWinLoss": {
      "mean": 20.670917,
      "stdDev": 13.829061,
      "total": 12182,
      "used": 12155
    },
    "homeWinLoss": {
      "mean": 11.565856,
      "stdDev": 7.87143,
      "total": 12182,
      "used": 12178
    },
    "awayWinLoss": {
      "mean": 9.073292,
      "stdDev": 6.357765,
      "total": 12182,
      "used": 12116
    },
    "pointDiff": {
      "mean": 26.933983,
      "stdDev": 150.634316,
      "total": 12182,
      "used": 10770
    }
  },
  "icehockey_nhl": {
    "seasonWinLoss": {
      "mean": 20.199227,
      "stdDev": 13.104917,
      "total": 12418,
      "used": 12413
    },
    "homeWinLoss": {
      "mean": 10.846067,
      "stdDev": 7.187381,
      "total": 12418,
      "used": 12408
    },
    "awayWinLoss": {
      "mean": 9.346919,
      "stdDev": 6.330162,
      "total": 12418,
      "used": 12415
    },
    "pointDiff": {
      "mean": 2.333841,
      "stdDev": 25.139658,
      "total": 12418,
      "used": 11829
    }
  },
  "basketball_ncaab": {
    "seasonWinLoss": {
      "mean": 7.69298,
      "stdDev": 5.72391,
      "total": 52274,
      "used": 52065
    },
    "homeWinLoss": {
      "mean": 5.051995,
      "stdDev": 3.960493,
      "total": 52274,
      "used": 52063
    },
    "awayWinLoss": {
      "mean": 2.46424,
      "stdDev": 2.180741,
      "total": 52274,
      "used": 50853
    },
    "pointDiff": {
      "mean": 3.467526,
      "stdDev": 107.334322,
      "total": 52274,
      "used": 49747
    }
  },
  "basketball_wncaab": {
    "seasonWinLoss": {
      "mean": 7.673388,
      "stdDev": 5.963873,
      "total": 51072,
      "used": 50433
    },
    "homeWinLoss": {
      "mean": 4.588402,
      "stdDev": 3.616554,
      "total": 51072,
      "used": 49852
    },
    "awayWinLoss": {
      "mean": 2.962131,
      "stdDev": 2.689499,
      "total": 51072,
      "used": 50596
    },
    "pointDiff": {
      "mean": 2.352846,
      "stdDev": 141.267707,
      "total": 51072,
      "used": 48140
    }
  },
  "baseball_mlb": {
    "seasonWinLoss": {
      "mean": 38.477494,
      "stdDev": 24.515603,
      "total": 21994,
      "used": 21994
    },
    "homeWinLoss": {
      "mean": 20.399291,
      "stdDev": 13.080138,
      "total": 21994,
      "used": 21994
    },
    "awayWinLoss": {
      "mean": 18.078203,
      "stdDev": 11.852979,
      "total": 21994,
      "used": 21994
    },
    "pointDiff": {
      "mean": 3.671946,
      "stdDev": 55.626772,
      "total": 21994,
      "used": 20140
    }
  },
  "americanfootball_nfl": {
    "seasonWinLoss": {
      "mean": 4.467066,
      "stdDev": 3.128626,
      "total": 2174,
      "used": 2171
    },
    "homeWinLoss": {
      "mean": 2.365225,
      "stdDev": 1.816313,
      "total": 2174,
      "used": 2174
    },
    "awayWinLoss": {
      "mean": 2.057701,
      "stdDev": 1.58119,
      "total": 2174,
      "used": 2149
    },
    "pointDiff": {
      "mean": -0.799094,
      "stdDev": 47.531877,
      "total": 2174,
      "used": 1986
    }
  },
  "americanfootball_ncaaf": {
    "seasonWinLoss": {
      "mean": 2.701428,
      "stdDev": 2.132777,
      "total": 23740,
      "used": 22976
    },
    "homeWinLoss": {
      "mean": 1.694447,
      "stdDev": 1.479743,
      "total": 23740,
      "used": 23590
    },
    "awayWinLoss": {
      "mean": 1.182714,
      "stdDev": 1.220629,
      "total": 23740,
      "used": 23649
    },
    "pointDiff": {
      "mean": 4.250343,
      "stdDev": 77.646799,
      "total": 23740,
      "used": 22577
    }
  }
}