{
    "BSKBtotalPoints": {
        "min": -2912,
        "max": 2912
    },
    "BSKBpointsPerGame": {
        "min": -95,
        "max": 95
    },
    "BSKBassists": {
        "min": -632,
        "max": 632
    },
    "BSKBassistsPerGame": {
        "min": -37,
        "max": 37
    },
    "BSKBassistRatio": {
        "min": -8.013843771571619,
        "max": 8.013843771571619
    },
    "BSKBeffectiveFgPercent": {
        "min": -5.866,
        "max": 5.866
    },
    "BSKBfieldGoalPercent": {
        "min": -1352.0607888698578,
        "max": 1352.0607888698578
    },
    "BSKBfieldGoalsAttempted": {
        "min": -2070,
        "max": 2070
    },
    "BSKBfieldGoalsMade": {
        "min": -1053,
        "max": 1053
    },
    "BSKBfieldGoalsPerGame": {
        "min": -42,
        "max": 42
    },
    "BSKBfreeThrowPercent": {
        "min": -1958.1600368022919,
        "max": 1958.1600368022919
    },
    "BSKBfreeThrowsAttempted": {
        "min": -753,
        "max": 753
    },
    "BSKBfreeThrowsMade": {
        "min": -517,
        "max": 517
    },
    "BSKBfreeThrowsMadePerGame": {
        "min": -36,
        "max": 36
    },
    "BSKBoffensiveRebounds": {
        "min": -414,
        "max": 414
    },
    "BSKBoffensiveReboundsPerGame": {
        "min": -43,
        "max": 43
    },
    "BSKBoffensiveReboundRate": {
        "min": -10.122524260000002,
        "max": 10.122524260000002
    },
    "BSKBoffensiveTurnovers": {
        "min": -444,
        "max": 444
    },
    "BSKBturnoversPerGame": {
        "min": -444,
        "max": 444
    },
    "BSKBturnoverRatio": {
        "min": -4.545999999999999,
        "max": 4.545999999999999
    },
    "BSKBthreePointsAttempted": {
        "min": -1142,
        "max": 1142
    },
    "BSKBthreePointsMade": {
        "min": -536,
        "max": 536
    },
    "BSKBtrueShootingPct": {
        "min": -5.384999999999998,
        "max": 5.384999999999998
    },
    "BSKBpace": {
        "min": -6.897999999999996,
        "max": 6.897999999999996
    },
    "BSKBpointsInPaint": {
        "min": -1148,
        "max": 1148
    },
    "BSKBshootingEfficiency": {
        "min": -14.817204369999999,
        "max": 14.817204369999999
    },
    "BSKBscoringEfficiency": {
        "min": -39.56691610000001,
        "max": 39.56691610000001
    },
    "BSKBblocks": {
        "min": -234,
        "max": 234
    },
    "BSKBblocksPerGame": {
        "min": -17,
        "max": 17
    },
    "BSKBdefensiveRebounds": {
        "min": -914,
        "max": 914
    },
    "BSKBdefensiveReboundsPerGame": {
        "min": -40,
        "max": 40
    },
    "BSKBsteals": {
        "min": -349,
        "max": 349
    },
    "BSKBstealsPerGame": {
        "min": -349,
        "max": 349
    },
    "BSKBreboundRate": {
        "min": -4.0419999999999945,
        "max": 4.0419999999999945
    },
    "BSKBreboundsPerGame": {
        "min": -57,
        "max": 57
    },
    "BSKBfoulsPerGame": {
        "min": -26,
        "max": 26
    },
    "BSKBteamAssistToTurnoverRatio": {
        "min": -80.89279771999998,
        "max": 80.89279771999998
    },
    "seasonWinLoss": {
        "min": -55,
        "max": 55
    },
    "homeWinLoss": {
        "min": -25,
        "max": 33
    },
    "awayWinLoss": {
        "min": -33,
        "max": 25
    },
    "pointDiff": {
        "min": -1798,
        "max": 1798
    },
    "HKYgoals": {
        "min": -119,
        "max": 119
    },
    "HKYgoalsPerGame": {
        "min": -8.5,
        "max": 8.5
    },
    "HKYassists": {
        "min": -211,
        "max": 211
    },
    "HKYassistsPerGame": {
        "min": -20,
        "max": 20
    },
    "HKYshotsIn1st": {
        "min": -284,
        "max": 284
    },
    "HKYshotsIn1stPerGame": {
        "min": -25,
        "max": 25
    },
    "HKYshotsIn2nd": {
        "min": -306,
        "max": 306
    },
    "HKYshotsIn2ndPerGame": {
        "min": -25,
        "max": 25
    },
    "HKYshotsIn3rd": {
        "min": -243,
        "max": 243
    },
    "HKYshotsIn3rdPerGame": {
        "min": -25,
        "max": 25
    },
    "HKYtotalShots": {
        "min": -749,
        "max": 749
    },
    "HKYtotalShotsPerGame": {
        "min": -57,
        "max": 57
    },
    "HKYshotsMissed": {
        "min": -677,
        "max": 677
    },
    "HKYshotsMissedPerGame": {
        "min": -44,
        "max": 44
    },
    "HKYppgGoals": {
        "min": -53,
        "max": 53
    },
    "HKYppgGoalsPerGame": {
        "min": -5,
        "max": 5
    },
    "HKYppassists": {
        "min": -100,
        "max": 100
    },
    "HKYppassistsPerGame": {
        "min": -10,
        "max": 10
    },
    "HKYpowerplayPct": {
        "min": -1457.1420000000003,
        "max": 1457.1420000000003
    },
    "HKYshortHandedGoals": {
        "min": -14,
        "max": 14
    },
    "HKYshortHandedGoalsPerGame": {
        "min": -3,
        "max": 3
    },
    "HKYshootingPct": {
        "min": -306.0959999999999,
        "max": 306.0959999999999
    },
    "HKYfaceoffs": {
        "min": -713,
        "max": 713
    },
    "HKYfaceoffsPerGame": {
        "min": -6.975999999999999,
        "max": 6.975999999999999
    },
    "HKYfaceoffsWon": {
        "min": -606,
        "max": 606
    },
    "HKYfaceoffsWonPerGame": {
        "min": -38,
        "max": 38
    },
    "HKYfaceoffsLost": {
        "min": -545,
        "max": 545
    },
    "HKYfaceoffsLostPerGame": {
        "min": -38,
        "max": 38
    },
    "HKYfaceoffPct": {
        "min": -752.2639999999988,
        "max": 752.2639999999988
    },
    "HKYfaceoffPctPerGame": {
        "min": -61.28999999999999,
        "max": 61.28999999999999
    },
    "HKYgiveaways": {
        "min": -468,
        "max": 468
    },
    "HKYgoalsAgainst": {
        "min": -128,
        "max": 128
    },
    "HKYgoalsAgainstPerGame": {
        "min": -8,
        "max": 8
    },
    "HKYshotsAgainst": {
        "min": -918,
        "max": 918
    },
    "HKYshotsAgainstPerGame": {
        "min": -53,
        "max": 53
    },
    "HKYpenaltyKillPct": {
        "min": -12.86099999999999,
        "max": 12.86099999999999
    },
    "HKYpenaltyKillPctPerGame": {
        "min": -100,
        "max": 100
    },
    "HKYppGoalsAgainst": {
        "min": -53,
        "max": 53
    },
    "HKYppGoalsAgainstPerGame": {
        "min": -5,
        "max": 5
    },
    "HKYshutouts": {
        "min": -10,
        "max": 10
    },
    "HKYsaves": {
        "min": -843,
        "max": 843
    },
    "HKYsavesPerGame": {
        "min": -44,
        "max": 44
    },
    "HKYsavePct": {
        "min": -1356.8980000000001,
        "max": 1356.8980000000001
    },
    "HKYblockedShots": {
        "min": -560,
        "max": 560
    },
    "HKYblockedShotsPerGame": {
        "min": -31,
        "max": 31
    },
    "HKYhits": {
        "min": -1124,
        "max": 1124
    },
    "HKYhitsPerGame": {
        "min": -44,
        "max": 44
    },
    "HKYtakeaways": {
        "min": -331,
        "max": 331
    },
    "HKYtakeawaysPerGame": {
        "min": -20,
        "max": 20
    },
    "HKYshotDifferential": {
        "min": -1475,
        "max": 1475
    },
    "HKYshotDifferentialPerGame": {
        "min": -84,
        "max": 84
    },
    "HKYgoalDifferentialPerGame": {
        "min": -18,
        "max": 18
    },
    "HKYpimDifferential": {
        "min": -325,
        "max": 325
    },
    "HKYpimDifferentialPerGame": {
        "min": -84,
        "max": 84
    },
    "HKYtotalPenalties": {
        "min": -192,
        "max": 192
    },
    "HKYpenaltiesPerGame": {
        "min": -9,
        "max": 9
    },
    "HKYpenaltyMinutes": {
        "min": -523,
        "max": 523
    },
    "HKYpenaltyMinutesPerGame": {
        "min": -42,
        "max": 42
    },
    "BSBbattingStrikeouts": {
        "min": -517,
        "max": 517
    },
    "BSBrunsBattedIn": {
        "min": -275,
        "max": 275
    },